rank,qb,team,conf,games,db_plays,db_epa_per,db_success,rush_plays,rush_epa_per,tot_plays,tot_epa,tot_epa_per,tot_success,tot_epa_per_nongarbage
1,Rocco Becht,Penn State,Big Ten,3,66,0.6,0.591,4.0,-1.794,70,32.408,0.463,0.557,0.694
2,Lincoln Kienholz,Louisville,ACC,3,76,0.512,0.539,29.0,0.307,105,47.772,0.455,0.543,0.419
3,Jared Curtis,Vanderbilt,SEC,3,67,0.33,0.478,18.0,0.853,85,37.477,0.441,0.529,0.3
4,Ryan Browne,Purdue,Big Ten,3,100,0.447,0.6,6.0,-0.008,106,44.68,0.422,0.594,0.305
5,Kevin Jennings,SMU,ACC,3,91,0.492,0.56,13.0,-0.174,104,42.495,0.409,0.558,0.503
6,Bear Bachmeier,BYU,Big 12,3,64,0.351,0.547,10.0,0.761,74,30.071,0.406,0.581,0.688
7,Hauss Hejny,Colorado State,Pac-12,3,74,0.379,0.5,11.0,0.506,85,33.605,0.395,0.518,0.245
8,David McComb,Miami (OH),Mid-American,3,79,0.419,0.481,9.0,0.093,88,33.969,0.386,0.489,0.277
9,Keelon Russell,Alabama,SEC,3,89,0.281,0.517,16.0,0.901,105,39.444,0.376,0.543,0.562
10,Tayven Jackson,North Texas,American Athletic,3,111,0.36,0.532,13.0,0.487,124,46.245,0.373,0.54,0.508
11,Malik Washington,Maryland,Big Ten,3,119,0.378,0.529,7.0,0.266,126,46.814,0.372,0.532,0.344
12,Darian Mensah,Miami,ACC,3,79,0.344,0.557,4.0,0.297,83,28.383,0.342,0.554,0.554
13,Avery Johnson,Kansas State,Big 12,3,82,0.248,0.512,24.0,0.599,106,34.69,0.327,0.547,0.43
14,Aaron Philo,Florida,SEC,3,66,0.367,0.545,15.0,0.135,81,26.24,0.324,0.543,0.468
15,C.J. Carr,Notre Dame,FBS Independents,3,75,0.336,0.493,3.0,-0.055,78,25.006,0.321,0.487,0.166
16,Jayden Maiava,USC,Big Ten,4,118,0.376,0.636,6.0,-0.795,124,39.625,0.32,0.621,0.407
17,Colton Joseph,Wisconsin,Big Ten,3,86,0.314,0.523,22.0,0.323,108,34.132,0.316,0.519,0.406
18,Kamario Taylor,Mississippi State,SEC,3,86,0.261,0.523,22.0,0.519,108,33.868,0.314,0.546,0.503
19,Julian Sayin,Ohio State,Big Ten,3,84,0.267,0.548,4.0,0.908,88,26.098,0.297,0.545,0.499
20,Anthony Colandrea,Nebraska,Big Ten,3,80,0.276,0.488,13.0,0.421,93,27.535,0.296,0.505,0.333
21,JC French,Cincinnati,Big 12,3,85,0.259,0.576,27.0,0.408,112,33.052,0.295,0.58,0.4
22,Bishop Davenport,South Alabama,Sun Belt,2,61,0.291,0.459,16.0,0.303,77,22.61,0.294,0.468,0.293
23,Braden Atkinson,Oregon State,Pac-12,3,135,0.297,0.444,4.0,0.062,139,40.333,0.29,0.446,0.227
24,Jay Kastantin,Bowling Green,Mid-American,3,64,0.393,0.547,10.0,-0.382,74,21.301,0.288,0.514,0.042
25,Giovanni Lopez,Wake Forest,ACC,3,104,0.257,0.5,19.0,0.413,123,34.627,0.282,0.528,0.264
26,John Alan Richter,Toledo,Mid-American,3,98,0.339,0.5,3.0,-1.67,101,28.248,0.28,0.485,0.304
27,Marcus Stokes,Memphis,American Athletic,4,104,0.319,0.5,22.0,0.036,126,34.003,0.27,0.492,0.421
28,Brad Jackson,Texas State,Pac-12,3,75,0.348,0.533,23.0,-0.022,98,25.586,0.261,0.51,0.115
29,Cibastian Broughton,Akron,Mid-American,3,71,0.135,0.437,22.0,0.642,93,23.674,0.255,0.505,0.07
30,Ashton Daniels,Florida State,ACC,3,86,0.21,0.395,28.0,0.355,114,27.988,0.246,0.43,0.284
31,Conner Weigman,Houston,Big 12,3,84,0.25,0.512,19.0,0.211,103,25.036,0.243,0.524,0.215
32,Maddux Madsen,Boise State,Pac-12,3,93,0.178,0.505,7.0,1.012,100,23.598,0.236,0.53,0.252
33,Austin Simmons,Missouri,SEC,3,68,0.289,0.456,4.0,-0.696,72,16.861,0.234,0.431,0.367
34,Rickie Collins,Kennesaw State,Conference USA,3,95,0.167,0.526,26.0,0.449,121,27.529,0.228,0.529,-0.108
35,William Watson III,Massachusetts,Mid-American,3,60,0.183,0.45,14.0,0.406,74,16.67,0.225,0.459,0.349
36,Trinidad Chambliss,Ole Miss,SEC,3,115,0.185,0.47,16.0,0.484,131,28.993,0.221,0.481,0.386
37,D'Wayne' Winfield,Louisiana,Sun Belt,3,66,-0.011,0.455,39.0,0.614,105,23.217,0.221,0.486,0.177
38,Ryder Burton,UAB,American Athletic,3,79,0.178,0.456,20.0,0.372,99,21.518,0.217,0.455,0.107
39,Caden Veltkamp,Florida Atlantic,American Athletic,3,129,0.198,0.527,7.0,0.561,136,29.451,0.217,0.522,0.092
40,Deuce Bailey,Coastal Carolina,Sun Belt,3,99,0.108,0.414,15.0,0.863,114,23.612,0.207,0.447,-0.009
41,Trey Hedden,New Mexico State,Conference USA,3,102,0.199,0.431,5.0,0.276,107,21.707,0.203,0.43,0.101
42,Bryce Underwood,Michigan,Big Ten,3,70,0.178,0.486,27.0,0.247,97,19.132,0.197,0.505,0.285
43,CJ Bailey,NC State,ACC,3,82,0.205,0.476,19.0,0.148,101,19.637,0.194,0.475,0.302
44,Katin Houser,Illinois,Big Ten,3,84,0.181,0.512,8.0,0.318,92,17.756,0.193,0.533,0.527
45,Devon Dampier,Utah,Big 12,3,76,0.255,0.592,23.0,-0.026,99,18.797,0.19,0.576,0.308
46,Faizon Brandon,Tennessee,SEC,3,67,0.035,0.433,21.0,0.664,88,16.272,0.185,0.489,0.264
47,Dylan Lonergan,Rutgers,Big Ten,2,69,0.224,0.435,8.0,-0.213,77,13.718,0.178,0.455,0.344
48,Austin Carlisle,UL Monroe,Sun Belt,3,60,-0.087,0.433,29.0,0.724,89,15.79,0.177,0.528,-0.146
49,Will Hammond,Texas Tech,Big 12,3,93,0.215,0.462,8.0,-0.273,101,17.786,0.176,0.446,0.216
50,Kalieb Osborne,UConn,FBS Independents,3,76,0.091,0.474,22.0,0.444,98,16.716,0.171,0.49,0.602
51,Malachi Singleton,App State,Sun Belt,3,96,0.266,0.531,18.0,-0.345,114,19.31,0.169,0.509,0.326
52,Mason Heintschel,Pittsburgh,ACC,3,98,0.204,0.469,19.0,-0.056,117,18.952,0.162,0.462,0.102
53,Jackson Sharman,Sacramento State,Mid-American,3,101,0.227,0.485,5.0,-1.192,106,16.919,0.16,0.462,-0.257
54,Noah Fifita,Arizona,Big 12,3,102,0.085,0.549,14.0,0.616,116,17.29,0.149,0.552,0.366
55,Caden Creel,Jacksonville State,Conference USA,4,103,0.152,0.505,50.0,0.143,153,22.804,0.149,0.503,0.2
56,Demond Williams Jr.,Washington,Big Ten,3,111,0.088,0.505,20.0,0.429,131,18.349,0.14,0.504,0.19
57,Jaden Craig,TCU,Big 12,3,96,0.189,0.458,11.0,-0.288,107,14.938,0.14,0.449,0.035
58,Ethan Grunkemeyer,Virginia Tech,ACC,3,105,0.077,0.467,8.0,0.938,113,15.565,0.138,0.487,1.024
59,Isaiah Marshall,Kansas,Big 12,3,87,0.117,0.379,32.0,0.192,119,16.301,0.137,0.395,0.205
60,Micah Alejado,Hawai'i,Mountain West,3,144,0.13,0.458,7.0,0.176,151,20.022,0.133,0.464,0.157
61,Hank Brown,Iowa,Big Ten,3,62,0.198,0.5,10.0,-0.305,72,9.25,0.128,0.486,0.066
62,Cameran Brown,Georgia State,Sun Belt,3,92,0.155,0.543,22.0,-0.023,114,13.72,0.12,0.526,0.323
63,Arch Manning,Texas,SEC,3,104,0.157,0.442,16.0,-0.144,120,14.074,0.117,0.467,0.037
64,Nick Minicucci,Delaware,Conference USA,3,100,0.046,0.44,11.0,0.701,111,12.293,0.111,0.468,0.181
65,Cutter Boley,Arizona State,Big 12,3,87,0.078,0.46,16.0,0.287,103,11.364,0.11,0.466,0.196
66,Landyn Locke,Sam Houston,Conference USA,3,117,0.145,0.47,9.0,-0.376,126,13.572,0.108,0.468,-0.012
67,Beau Pribula,Virginia,ACC,3,63,0.039,0.429,20.0,0.309,83,8.62,0.104,0.446,0.367
68,Dante Moore,Oregon,Big Ten,3,96,0.125,0.458,3.0,-0.601,99,10.169,0.103,0.444,0.189
69,Jayden Mandal,Fresno State,Pac-12,3,75,0.12,0.48,15.0,0.006,90,9.088,0.101,0.489,0.229
70,Luke Weaver,San José State,Mountain West,4,151,0.125,0.457,31.0,-0.027,182,18.018,0.099,0.456,-0.048
71,Sam Leavitt,LSU,SEC,3,100,-0.069,0.45,33.0,0.591,133,12.645,0.095,0.496,0.024
72,Alberto Mendoza,Georgia Tech,ACC,3,92,0.112,0.522,3.0,-0.444,95,8.991,0.095,0.526,-0.129
73,Taron Dickens,Northern Illinois,Mountain West,3,86,0.114,0.453,9.0,-0.142,95,8.556,0.09,0.442,0.279
74,Roman Gagliano,Middle Tennessee,Conference USA,3,104,0.071,0.433,12.0,0.207,116,9.836,0.085,0.431,0.099
75,Skyler Locklear,Missouri State,Conference USA,3,67,0.083,0.403,13.0,0.049,80,6.178,0.077,0.412,0.226
76,Alessio Milivojevic,Michigan State,Big Ten,3,80,0.103,0.5,12.0,-0.098,92,7.059,0.077,0.489,0.043
77,Cole Gonzales,Charlotte,American Athletic,3,96,0.143,0.5,9.0,-0.68,105,7.594,0.072,0.486,-0.167
78,Marcel Reed,Texas A&M,SEC,3,108,0.063,0.472,20.0,0.068,128,8.197,0.064,0.438,-0.097
79,J.J. Kohl,Florida International,Conference USA,3,132,0.041,0.447,13.0,0.294,145,9.239,0.064,0.448,0.042
80,Byrum Brown,Auburn,SEC,3,111,0.001,0.441,37.0,0.244,148,9.118,0.062,0.446,0.002
81,Jaron-Keawe Sagapolutele,California,ACC,3,110,0.064,0.4,3.0,-0.089,113,6.794,0.06,0.398,0.019
82,Deshawn Purdie,Liberty,Conference USA,3,71,0.055,0.408,11.0,0.029,82,4.239,0.052,0.427,0.02
83,KJ Jackson,Arkansas,SEC,3,102,0.077,0.48,16.0,-0.134,118,5.737,0.049,0.5,-0.102
84,Drew Mestemaker,Oklahoma State,Big 12,3,119,-0.042,0.479,9.0,0.936,128,3.471,0.027,0.492,-0.025
85,Nico Iamaleava,UCLA,Big Ten,3,81,-0.033,0.395,21.0,0.252,102,2.633,0.026,0.422,0.021
86,Jackson Arnold,UNLV,Mountain West,3,95,-0.07,0.4,39.0,0.255,134,3.247,0.024,0.41,-0.029
87,Julian Lewis,Colorado,Big 12,3,83,0.014,0.422,5.0,0.187,88,2.085,0.024,0.42,-0.019
88,Davis Warren,Stanford,ACC,3,113,0.021,0.407,4.0,-0.071,117,2.116,0.018,0.41,-0.014
89,Dru Deshields,Kent State,Mid-American,3,61,-0.157,0.344,13.0,0.814,74,0.987,0.013,0.405,-0.12
90,Nathan Hayes,North Dakota State,Mountain West,4,95,0.023,0.463,13.0,-0.066,108,1.303,0.012,0.472,0.292
91,Nate Bennett,Baylor,Big 12,2,63,-0.066,0.413,2.0,2.339,65,0.543,0.008,0.431,0.373
92,Lanorris Sellers,South Carolina,SEC,3,91,-0.095,0.44,17.0,0.548,108,0.649,0.006,0.481,-0.168
93,Caden Pinnick,Washington State,Pac-12,3,74,-0.057,0.459,30.0,0.126,104,-0.466,-0.004,0.471,-0.026
94,Steven Angeli,Syracuse,ACC,3,111,0.001,0.405,5.0,-0.151,116,-0.62,-0.005,0.414,0.15
95,John Mateer,Oklahoma,SEC,3,81,0.005,0.432,22.0,-0.048,103,-0.629,-0.006,0.437,-0.051
96,Kadin Semonza,Tulane,American Athletic,3,78,0.005,0.321,11.0,-0.085,89,-0.575,-0.006,0.315,0.084
97,Noah Kim,Eastern Michigan,Mid-American,4,140,-0.048,0.407,10.0,0.491,150,-1.813,-0.012,0.413,-0.332
98,Drake Lindsey,Minnesota,Big Ten,3,105,-0.002,0.457,4.0,-0.29,109,-1.416,-0.013,0.45,0.482
99,Kenny Minchey,Kentucky,SEC,3,80,0.041,0.488,8.0,-0.591,88,-1.481,-0.017,0.455,-0.088
100,Will Crowder,Troy,Sun Belt,3,91,-0.069,0.363,12.0,0.28,103,-2.901,-0.028,0.408,0.187
101,Mason McKenzie,Boston College,ACC,3,91,-0.148,0.396,41.0,0.233,132,-3.928,-0.03,0.439,-0.069
102,Billy Edwards,North Carolina,ACC,3,84,-0.064,0.405,7.0,0.215,91,-3.909,-0.043,0.429,-0.011
103,Walker Eget,Duke,ACC,3,71,-0.038,0.479,3.0,-0.456,74,-4.095,-0.055,0.473,-0.07
104,Elijah Holmes,Buffalo,Mid-American,2,64,-0.08,0.359,7.0,-0.041,71,-5.421,-0.076,0.38,-0.078
105,Trey Owens,Arkansas State,Sun Belt,3,77,-0.179,0.468,11.0,0.614,88,-6.997,-0.08,0.489,0.075
106,Keldric Luster,Ball State,Mid-American,3,93,-0.122,0.366,22.0,-0.198,115,-15.735,-0.137,0.374,-0.117
107,Broc Lowry,Western Michigan,Mid-American,3,66,-0.28,0.379,29.0,0.188,95,-13.009,-0.137,0.421,-0.005
108,Tyler Hughes,Wyoming,Mountain West,3,77,-0.292,0.39,26.0,0.319,103,-14.189,-0.138,0.427,-0.091
109,Tait Reynolds,Clemson,ACC,3,72,-0.198,0.417,21.0,0.025,93,-13.699,-0.147,0.409,-0.072
110,Ethan Hampton,Southern Miss,Sun Belt,3,76,-0.131,0.461,5.0,-0.525,81,-12.573,-0.155,0.444,-0.132
111,Mitch Griffis,East Carolina,American Athletic,3,71,-0.209,0.394,16.0,0.042,87,-14.163,-0.163,0.414,-0.17
112,Owen McCown,UTSA,American Athletic,3,93,-0.17,0.398,9.0,-0.102,102,-16.745,-0.164,0.392,-0.015
113,Jayden Denegal,San Diego State,Pac-12,3,71,-0.243,0.352,5.0,0.517,76,-14.652,-0.193,0.355,-0.301
114,Grady Brosterhous,Utah State,Pac-12,3,79,-0.221,0.329,38.0,-0.363,117,-31.274,-0.267,0.325,-0.555
115,Max Johnson,Georgia Southern,Sun Belt,3,124,-0.339,0.315,9.0,-0.046,133,-42.394,-0.319,0.308,-0.126
