rank,overall_rank,qb,team,conf,games,db_plays,db_epa_per,db_success,rush_plays,rush_epa_per,tot_plays,tot_epa,tot_epa_per,tot_success,ng_plays,tot_epa_per_nongarbage,ng_success
1,4,Keelon Russell,Alabama,SEC,5,143,0.443,0.545,26.0,0.633,169,79.773,0.472,0.574,99.0,0.666,0.586
2,2,Darian Mensah,Miami,ACC,5,136,0.489,0.625,7.0,0.816,143,72.174,0.505,0.622,69.0,0.664,0.667
3,3,Julian Sayin,Ohio State,Big Ten,5,151,0.479,0.596,16.0,0.48,167,80.074,0.479,0.593,93.0,0.634,0.624
4,16,Jared Hollins,South Alabama,Sun Belt,4,85,0.392,0.459,19.0,0.226,104,37.644,0.362,0.471,56.0,0.553,0.518
5,12,Marcus Stokes,Memphis,American Athletic,5,130,0.421,0.531,29.0,0.241,159,61.785,0.389,0.541,106.0,0.544,0.557
6,17,Gunner Stockton,Georgia,SEC,5,106,0.387,0.575,16.0,0.181,122,43.904,0.36,0.566,52.0,0.52,0.558
7,55,Nathan Hayes,North Dakota State,Mountain West,5,122,0.114,0.484,21.0,0.626,143,27.052,0.189,0.517,75.0,0.505,0.533
8,1,David McComb,Miami (OH),Mid-American,4,109,0.565,0.523,11.0,0.615,120,68.364,0.57,0.525,81.0,0.492,0.519
9,19,Devon Dampier,Utah,Big 12,4,104,0.378,0.577,30.0,0.235,134,46.329,0.346,0.567,55.0,0.488,0.582
10,14,Giovanni Lopez,Wake Forest,ACC,5,154,0.313,0.5,35.0,0.643,189,70.66,0.374,0.54,102.0,0.481,0.569
11,7,C.J. Carr,Notre Dame,FBS Independents,5,127,0.391,0.543,10.0,0.754,137,57.239,0.418,0.555,81.0,0.47,0.543
12,5,Austin Simmons,Missouri,SEC,5,142,0.493,0.549,7.0,-0.268,149,68.092,0.457,0.537,118.0,0.465,0.534
13,6,Tayven Jackson,North Texas,American Athletic,5,168,0.439,0.548,17.0,0.365,185,80.005,0.432,0.546,125.0,0.46,0.52
14,27,Michael Hawkins Jr.,West Virginia,Big 12,5,91,0.143,0.374,83.0,0.489,174,53.627,0.308,0.454,115.0,0.454,0.47
15,13,Avery Johnson,Kansas State,Big 12,4,133,0.318,0.496,29.0,0.683,162,62.074,0.383,0.531,109.0,0.433,0.532
16,28,Bishop Davenport,South Alabama,Sun Belt,2,61,0.302,0.475,16.0,0.328,77,23.635,0.307,0.481,59.0,0.413,0.525
17,8,Josh Hoover,Indiana,Big Ten,5,113,0.409,0.549,11.0,0.502,124,51.761,0.417,0.556,77.0,0.408,0.571
18,9,Jayden Maiava,USC,Big Ten,6,197,0.445,0.579,12.0,-0.296,209,84.052,0.402,0.569,148.0,0.406,0.541
19,11,Aaron Philo,Florida,SEC,5,126,0.42,0.556,26.0,0.24,152,59.195,0.389,0.553,102.0,0.394,0.578
20,61,Camden Coleman,James Madison,Sun Belt,5,133,0.183,0.474,22.0,0.113,155,26.874,0.173,0.465,77.0,0.39,0.519
21,21,Cameran Brown,Georgia State,Sun Belt,5,133,0.36,0.541,24.0,0.119,157,50.791,0.324,0.529,96.0,0.374,0.562
22,35,Trinidad Chambliss,Ole Miss,SEC,4,150,0.232,0.527,22.0,0.654,172,49.164,0.286,0.541,129.0,0.368,0.55
23,20,Kamario Taylor,Mississippi State,SEC,5,167,0.286,0.509,29.0,0.63,196,65.968,0.337,0.536,120.0,0.355,0.542
24,33,William Watson III,Massachusetts,Mid-American,5,104,0.212,0.462,25.0,0.611,129,37.376,0.29,0.473,77.0,0.345,0.468
25,68,Kalieb Osborne,UConn,FBS Independents,5,150,0.034,0.413,40.0,0.584,190,28.422,0.15,0.437,103.0,0.342,0.466
26,18,Kevin Jennings,SMU,ACC,5,162,0.396,0.556,25.0,0.043,187,65.218,0.349,0.551,153.0,0.34,0.575
27,52,Matt Vezza,Ohio,Mid-American,5,66,-0.007,0.5,27.0,0.736,93,19.388,0.208,0.538,82.0,0.337,0.549
28,24,John Alan Richter,Toledo,Mid-American,5,155,0.339,0.497,4.0,-0.617,159,50.084,0.315,0.491,110.0,0.336,0.5
29,22,Ashton Daniels,Florida State,ACC,5,127,0.216,0.425,45.0,0.622,172,55.449,0.322,0.483,120.0,0.331,0.467
30,32,CJ Bailey,NC State,ACC,5,157,0.288,0.503,26.0,0.302,183,53.117,0.29,0.492,100.0,0.329,0.5
31,25,Ajani Sheppard,Temple,American Athletic,5,78,0.296,0.397,39.0,0.348,117,36.676,0.313,0.453,101.0,0.313,0.446
32,10,Anthony Colandrea,Nebraska,Big Ten,5,148,0.308,0.514,31.0,0.807,179,70.654,0.395,0.547,124.0,0.286,0.508
33,30,Mason Heintschel,Pittsburgh,ACC,5,153,0.348,0.477,25.0,-0.003,178,53.224,0.299,0.466,101.0,0.285,0.446
34,54,Ethan Grunkemeyer,Virginia Tech,ACC,5,185,0.168,0.492,12.0,0.63,197,38.639,0.196,0.508,120.0,0.28,0.533
35,15,Hauss Hejny,Colorado State,Pac-12,3,74,0.344,0.473,12.0,0.499,86,31.438,0.366,0.5,56.0,0.277,0.5
36,82,Davis Warren,Stanford,ACC,5,182,0.093,0.401,8.0,0.346,190,19.653,0.103,0.411,119.0,0.27,0.429
37,43,Maddux Madsen,Boise State,Pac-12,5,138,0.163,0.5,19.0,0.867,157,39.024,0.249,0.541,120.0,0.267,0.542
38,37,Caden Creel,Jacksonville State,Conference USA,5,131,0.31,0.542,63.0,0.207,194,53.742,0.277,0.546,134.0,0.263,0.53
39,57,D'Wayne' Winfield,Louisiana,Sun Belt,5,116,0.038,0.457,62.0,0.458,178,32.811,0.184,0.461,107.0,0.261,0.477
40,67,Jayden Mandal,Fresno State,Pac-12,5,143,0.154,0.497,26.0,0.133,169,25.457,0.151,0.491,122.0,0.254,0.5
41,31,Malachi Singleton,App State,Sun Belt,4,136,0.39,0.544,25.0,-0.21,161,47.804,0.297,0.522,86.0,0.253,0.488
42,23,Lincoln Kienholz,Louisville,ACC,5,149,0.321,0.517,42.0,0.313,191,60.909,0.319,0.518,158.0,0.234,0.494
43,41,Katin Houser,Illinois,Big Ten,5,164,0.204,0.5,19.0,0.694,183,46.601,0.255,0.525,112.0,0.227,0.527
44,38,Bear Bachmeier,BYU,Big 12,4,89,0.151,0.494,23.0,0.763,112,31.008,0.277,0.527,82.0,0.226,0.476
45,34,Brad Jackson,Texas State,Pac-12,5,142,0.343,0.528,45.0,0.111,187,53.694,0.287,0.524,137.0,0.223,0.526
46,36,Noah Fifita,Arizona,Big 12,5,181,0.27,0.53,27.0,0.369,208,58.888,0.283,0.529,136.0,0.221,0.537
47,26,Conner Weigman,Houston,Big 12,5,140,0.302,0.55,37.0,0.352,177,55.255,0.312,0.559,135.0,0.214,0.519
48,49,Ryan Browne,Purdue,Big Ten,5,159,0.234,0.522,13.0,0.121,172,38.759,0.225,0.523,133.0,0.207,0.504
49,60,Walker Eget,Duke,ACC,4,93,0.195,0.484,3.0,-0.407,96,16.941,0.176,0.469,76.0,0.204,0.487
50,83,C.Del Rio-Wilson,Marshall,Sun Belt,5,142,0.115,0.451,47.0,0.058,189,19.025,0.101,0.45,136.0,0.199,0.478
51,66,Bryce Underwood,Michigan,Big Ten,5,123,0.149,0.463,47.0,0.164,170,26.099,0.154,0.471,153.0,0.192,0.51
52,29,Aidan Chiles,Northwestern,Big Ten,4,98,0.288,0.51,27.0,0.373,125,38.29,0.306,0.512,88.0,0.19,0.466
53,86,Trey Owens,Arkansas State,Sun Belt,5,136,0.033,0.493,19.0,0.518,155,14.324,0.092,0.516,132.0,0.189,0.53
54,88,Beau Pribula,Virginia,ACC,5,136,0.072,0.449,32.0,0.16,168,14.861,0.088,0.458,93.0,0.177,0.462
55,53,Dante Moore,Oregon,Big Ten,4,106,0.227,0.472,5.0,-0.23,111,22.87,0.206,0.459,90.0,0.173,0.4
56,39,Caden Veltkamp,Florida Atlantic,American Athletic,5,184,0.275,0.516,10.0,0.252,194,53.183,0.274,0.505,111.0,0.166,0.45
57,50,JC French,Cincinnati,Big 12,5,131,0.175,0.511,41.0,0.334,172,36.62,0.213,0.529,119.0,0.164,0.513
58,46,Isaiah Marshall,Kansas,Big 12,4,109,0.159,0.404,44.0,0.428,153,36.152,0.236,0.444,99.0,0.163,0.404
59,40,Braden Atkinson,Oregon State,Pac-12,4,169,0.27,0.444,7.0,-0.089,176,44.936,0.255,0.443,103.0,0.158,0.417
60,63,Lanorris Sellers,South Carolina,SEC,5,158,0.011,0.449,41.0,0.739,199,32.016,0.161,0.477,110.0,0.158,0.482
61,87,Will Hammond,Texas Tech,Big 12,5,148,0.076,0.473,13.0,0.278,161,14.861,0.092,0.472,116.0,0.156,0.509
62,81,Jackson Arnold,UNLV,Mountain West,5,148,0.039,0.426,59.0,0.273,207,21.802,0.105,0.43,161.0,0.14,0.422
63,65,Dylan Lonergan,Rutgers,Big Ten,4,96,0.223,0.438,11.0,-0.435,107,16.593,0.155,0.449,54.0,0.135,0.444
64,42,Jared Curtis,Vanderbilt,SEC,4,104,0.163,0.462,32.0,0.551,136,34.537,0.254,0.485,95.0,0.13,0.453
65,47,Colton Joseph,Wisconsin,Big Ten,5,145,0.174,0.469,45.0,0.416,190,43.952,0.231,0.468,98.0,0.128,0.429
66,76,D.J. Lagway,Baylor,Big 12,3,138,0.111,0.413,3.0,0.537,141,16.933,0.12,0.418,109.0,0.116,0.44
67,103,Owen McCown,UTSA,American Athletic,5,154,0.055,0.429,17.0,0.019,171,8.785,0.051,0.427,136.0,0.114,0.434
68,58,Drew Mestemaker,Oklahoma State,Big 12,4,146,0.134,0.521,10.0,0.83,156,27.911,0.179,0.526,119.0,0.112,0.496
69,109,Taron Dickens,Northern Illinois,Mountain West,4,134,0.045,0.47,11.0,-0.083,145,5.048,0.035,0.469,78.0,0.109,0.513
70,93,Deuce Bailey,Coastal Carolina,Sun Belt,5,172,0.013,0.39,37.0,0.4,209,17.015,0.081,0.431,134.0,0.107,0.478
71,48,Jacurri Brown,Rice,American Athletic,5,73,0.009,0.356,76.0,0.434,149,33.672,0.226,0.483,103.0,0.104,0.466
72,51,Sam Leavitt,LSU,SEC,5,146,0.127,0.514,39.0,0.52,185,38.876,0.21,0.535,106.0,0.102,0.509
73,95,Deshawn Purdie,Liberty,Conference USA,5,111,0.071,0.432,18.0,0.102,129,9.684,0.075,0.457,104.0,0.097,0.481
74,107,Roman Gagliano,Middle Tennessee,Conference USA,5,162,0.034,0.407,13.0,0.208,175,8.258,0.047,0.411,133.0,0.096,0.444
75,101,Max Johnson,Georgia Southern,Sun Belt,5,192,0.046,0.422,15.0,0.214,207,11.961,0.058,0.425,137.0,0.093,0.445
76,56,Ryder Burton,UAB,American Athletic,5,123,0.115,0.431,30.0,0.48,153,28.553,0.187,0.458,103.0,0.087,0.437
77,64,Jaylen Raynor,Iowa State,Big 12,5,125,0.173,0.456,36.0,0.098,161,25.09,0.156,0.453,99.0,0.087,0.434
78,106,Steven Angeli,Syracuse,ACC,3,111,0.065,0.405,5.0,-0.327,116,5.571,0.048,0.405,84.0,0.081,0.381
79,59,Rocco Becht,Penn State,Big Ten,5,140,0.205,0.464,19.0,-0.017,159,28.401,0.179,0.447,85.0,0.081,0.365
80,102,Dru Deshields,Kent State,Mid-American,5,125,-0.07,0.336,33.0,0.52,158,8.343,0.053,0.38,109.0,0.079,0.404
81,105,J.J. Kohl,Florida International,Conference USA,4,144,0.029,0.444,17.0,0.21,161,7.761,0.048,0.447,117.0,0.074,0.453
82,111,Julian Lewis,Colorado,Big 12,4,102,0.024,0.382,6.0,0.123,108,3.141,0.029,0.389,70.0,0.069,0.4
83,91,Cutter Boley,Arizona State,Big 12,4,132,0.069,0.462,19.0,0.178,151,12.476,0.083,0.464,90.0,0.068,0.444
84,94,Micah Alejado,Hawai'i,Mountain West,5,232,0.086,0.448,18.0,-0.017,250,19.683,0.079,0.456,207.0,0.067,0.44
85,79,Hank Brown,Iowa,Big Ten,5,127,0.132,0.48,13.0,-0.096,140,15.481,0.111,0.479,110.0,0.066,0.455
86,77,Luke Weaver,San José State,Mountain West,5,181,0.167,0.481,33.0,-0.155,214,25.055,0.117,0.467,165.0,0.062,0.473
87,89,Kenny Minchey,Kentucky,SEC,5,149,0.098,0.47,13.0,-0.082,162,13.609,0.084,0.463,119.0,0.059,0.479
88,73,Demond Williams Jr.,Washington,Big Ten,5,176,0.045,0.46,36.0,0.528,212,26.873,0.127,0.467,165.0,0.056,0.467
89,104,Nico Iamaleava,UCLA,Big Ten,4,106,0.036,0.415,26.0,0.11,132,6.716,0.051,0.432,109.0,0.053,0.431
90,124,Broc Lowry,Western Michigan,Mid-American,5,122,-0.093,0.426,47.0,0.133,169,-5.063,-0.03,0.456,128.0,0.052,0.469
91,131,Keldric Luster,Ball State,Mid-American,4,126,-0.103,0.381,25.0,0.149,151,-9.194,-0.061,0.391,62.0,0.048,0.452
92,90,John Mateer,Oklahoma,SEC,4,117,0.123,0.444,33.0,-0.062,150,12.408,0.083,0.433,87.0,0.047,0.437
93,99,Rodney Tisdale Jr.,Western Kentucky,Conference USA,4,126,0.075,0.429,19.0,-0.033,145,8.808,0.061,0.428,48.0,0.042,0.458
94,70,Arch Manning,Texas,SEC,4,127,0.164,0.465,21.0,-0.035,148,20.034,0.135,0.466,81.0,0.04,0.444
95,123,Isaac Wilson,Colorado,Big 12,3,74,0.104,0.473,19.0,-0.525,93,-2.316,-0.025,0.441,65.0,0.037,0.462
96,84,Rickie Collins,Kennesaw State,Conference USA,4,120,0.062,0.475,35.0,0.213,155,14.895,0.096,0.49,66.0,0.027,0.455
97,110,Drake Lindsey,Minnesota,Big Ten,5,159,0.033,0.472,8.0,0.003,167,5.308,0.032,0.473,78.0,0.024,0.487
98,75,Jaden Craig,TCU,Big 12,5,169,0.153,0.467,18.0,-0.142,187,23.24,0.124,0.449,143.0,0.022,0.434
99,112,Skyler Locklear,Missouri State,Conference USA,4,92,0.059,0.391,17.0,-0.141,109,3.059,0.028,0.385,81.0,0.017,0.395
100,125,Noah Kim,Eastern Michigan,Mid-American,6,208,-0.035,0.413,16.0,-0.005,224,-7.298,-0.033,0.406,140.0,0.014,0.414
101,128,Mason McKenzie,Boston College,ACC,5,153,-0.201,0.366,79.0,0.232,232,-12.363,-0.053,0.431,157.0,0.014,0.433
102,92,Cibastian Broughton,Akron,Mid-American,4,71,-0.057,0.423,24.0,0.491,95,7.753,0.082,0.474,53.0,0.014,0.472
103,96,Nick Minicucci,Delaware,Conference USA,4,108,-0.005,0.417,12.0,0.748,120,8.401,0.07,0.45,79.0,0.012,0.43
104,85,Landyn Locke,Sam Houston,Conference USA,4,155,0.067,0.452,16.0,0.356,171,16.107,0.094,0.45,115.0,0.006,0.452
105,120,Jay Kastantin,Bowling Green,Mid-American,5,132,0.019,0.447,18.0,-0.285,150,-2.589,-0.017,0.44,107.0,0.003,0.411
106,119,KJ Jackson,Arkansas,SEC,5,168,-0.024,0.452,29.0,0.049,197,-2.696,-0.014,0.462,84.0,-0.01,0.417
107,129,Will Crowder,Troy,Sun Belt,4,141,-0.108,0.369,18.0,0.338,159,-9.119,-0.057,0.409,110.0,-0.01,0.418
108,97,Trey Kukuk,Louisiana Tech,Sun Belt,4,74,-0.029,0.459,30.0,0.31,104,7.143,0.069,0.471,63.0,-0.015,0.413
109,98,Billy Edwards,North Carolina,ACC,4,114,0.038,0.447,10.0,0.368,124,8.044,0.065,0.468,90.0,-0.015,0.456
110,80,Alberto Mendoza,Georgia Tech,ACC,4,133,0.088,0.489,9.0,0.408,142,15.356,0.108,0.5,95.0,-0.028,0.463
111,62,Toa Faavae,New Mexico,Mountain West,5,74,0.03,0.432,29.0,0.534,103,17.67,0.172,0.456,59.0,-0.034,0.339
112,113,Malik Washington,Maryland,Big Ten,5,203,0.032,0.429,20.0,-0.028,223,5.843,0.026,0.426,100.0,-0.04,0.39
113,130,Tyler Hughes,Wyoming,Mountain West,5,120,-0.208,0.408,41.0,0.376,161,-9.594,-0.06,0.435,109.0,-0.048,0.44
114,118,Baylor Hayes,Tulsa,American Athletic,3,98,-0.071,0.357,16.0,0.414,114,-0.332,-0.003,0.36,109.0,-0.05,0.349
115,115,M.Van Buren Jr.,South Florida,American Athletic,5,130,-0.0,0.492,25.0,0.077,155,1.883,0.012,0.477,116.0,-0.052,0.44
116,72,Trey Hedden,New Mexico State,Conference USA,4,123,0.11,0.407,7.0,0.421,130,16.512,0.127,0.408,89.0,-0.052,0.382
117,117,Marcel Reed,Texas A&M,SEC,5,156,-0.068,0.397,35.0,0.329,191,0.85,0.004,0.403,113.0,-0.056,0.389
118,127,Keyone Jenkins,UCF,Big 12,5,77,-0.089,0.416,14.0,0.168,91,-4.47,-0.049,0.429,74.0,-0.058,0.432
119,116,Quinn Henicle,Old Dominion,Sun Belt,4,79,-0.237,0.316,41.0,0.478,120,0.854,0.007,0.375,75.0,-0.062,0.347
120,121,Jaron-Keawe Sagapolutele,California,ACC,5,170,-0.016,0.412,6.0,-0.252,176,-4.179,-0.024,0.403,141.0,-0.077,0.411
121,108,Byrum Brown,Auburn,SEC,5,176,-0.083,0.415,61.0,0.391,237,9.177,0.039,0.439,152.0,-0.078,0.401
122,71,Austin Carlisle,UL Monroe,Sun Belt,3,60,-0.173,0.433,30.0,0.739,90,11.818,0.131,0.556,54.0,-0.093,0.537
123,137,Caden Pinnick,Washington State,Pac-12,5,156,-0.169,0.385,46.0,-0.018,202,-27.201,-0.135,0.396,133.0,-0.099,0.421
124,139,Tait Reynolds,Clemson,ACC,5,145,-0.137,0.434,36.0,-0.201,181,-27.127,-0.15,0.409,146.0,-0.102,0.445
125,126,Alessio Milivojevic,Michigan State,Big Ten,5,143,-0.074,0.469,16.0,0.203,159,-7.297,-0.046,0.465,107.0,-0.114,0.43
126,122,Faizon Brandon,Tennessee,SEC,5,116,-0.184,0.353,36.0,0.488,152,-3.785,-0.025,0.408,93.0,-0.136,0.355
127,135,Jason Wright,Buffalo,Mid-American,4,106,-0.136,0.33,22.0,-0.048,128,-15.508,-0.121,0.359,76.0,-0.136,0.421
128,142,Kadin Semonza,Tulane,American Athletic,4,105,-0.146,0.314,13.0,-0.339,118,-19.753,-0.167,0.305,88.0,-0.147,0.318
129,134,Mitch Griffis,East Carolina,American Athletic,4,73,-0.156,0.384,17.0,0.149,90,-8.83,-0.098,0.411,50.0,-0.15,0.38
130,133,Carter Jones,Nevada,Mountain West,3,74,-0.135,0.351,20.0,0.084,94,-8.316,-0.088,0.394,72.0,-0.164,0.389
131,143,Elijah Holmes,Buffalo,Mid-American,2,64,-0.181,0.344,7.0,-0.044,71,-11.886,-0.167,0.366,68.0,-0.174,0.368
132,136,Grady Brosterhous,Utah State,Pac-12,5,132,-0.129,0.341,59.0,-0.121,191,-24.136,-0.126,0.346,82.0,-0.182,0.293
133,138,Ethan Hampton,Southern Miss,Sun Belt,3,76,-0.119,0.447,6.0,-0.437,82,-11.641,-0.142,0.439,46.0,-0.232,0.435
134,140,Jayden Denegal,San Diego State,Pac-12,5,128,-0.144,0.352,14.0,-0.271,142,-22.204,-0.156,0.352,82.0,-0.236,0.329
135,145,EJ Colson,UTEP,Mountain West,5,91,-0.246,0.396,50.0,-0.093,141,-27.078,-0.192,0.433,53.0,-0.244,0.396
136,141,Cole Gonzales,Charlotte,American Athletic,5,128,-0.115,0.438,11.0,-0.756,139,-23.085,-0.166,0.424,87.0,-0.304,0.414
