team,rank,conf,games,plays,epa_per,success,pass_epa_per,rush_epa_per,ng_plays,ng_epa_per,ng_success,ng_pass_epa_per,ng_rush_epa_per
Miami,1,ACC,5,333,0.266,0.559,0.436,0.108,116,0.53,0.629,0.674,0.328
Alabama,2,SEC,5,326,0.267,0.528,0.417,0.142,167,0.436,0.563,0.638,0.226
Utah,3,Big 12,4,269,0.239,0.498,0.359,0.141,89,0.431,0.539,0.535,0.351
Georgia,4,SEC,5,297,0.255,0.529,0.329,0.188,95,0.412,0.568,0.494,0.341
Ohio State,5,Big Ten,5,343,0.23,0.519,0.472,-0.006,158,0.39,0.601,0.708,0.039
Indiana,6,Big Ten,5,310,0.25,0.51,0.401,0.152,143,0.353,0.552,0.398,0.308
Memphis,7,American Athletic,5,336,0.272,0.491,0.424,0.165,184,0.347,0.505,0.624,0.11
North Dakota State,8,Mountain West,5,323,-0.025,0.418,0.08,-0.095,131,0.332,0.496,0.428,0.241
Florida,9,SEC,5,344,0.27,0.494,0.447,0.135,195,0.324,0.544,0.466,0.218
Massachusetts,10,Mid-American,5,264,0.148,0.451,0.174,0.129,124,0.323,0.492,0.302,0.345
West Virginia,11,Big 12,5,354,0.194,0.446,0.18,0.198,204,0.317,0.475,0.372,0.294
North Texas,12,American Athletic,5,364,0.272,0.486,0.494,0.043,210,0.31,0.471,0.489,0.076
James Madison,13,Sun Belt,5,327,0.203,0.477,0.24,0.172,150,0.308,0.513,0.433,0.177
Kansas State,14,Big 12,4,288,0.263,0.51,0.273,0.253,170,0.307,0.488,0.34,0.27
Army,15,American Athletic,4,264,0.289,0.549,0.215,0.309,194,0.304,0.531,0.382,0.288
Ole Miss,16,SEC,4,267,0.219,0.528,0.218,0.221,191,0.286,0.534,0.316,0.244
USC,17,Big Ten,6,422,0.253,0.521,0.421,0.082,267,0.282,0.517,0.435,0.113
South Alabama,18,Sun Belt,5,364,0.174,0.451,0.354,0.053,198,0.272,0.455,0.558,0.024
NC State,19,ACC,5,356,0.213,0.461,0.235,0.193,182,0.263,0.467,0.301,0.227
Wake Forest,20,ACC,5,312,0.229,0.5,0.309,0.144,175,0.261,0.503,0.41,0.139
Mississippi State,21,SEC,5,355,0.213,0.499,0.267,0.157,184,0.256,0.533,0.386,0.067
Colorado State,22,Pac-12,4,278,0.229,0.464,0.255,0.194,126,0.254,0.452,0.169,0.368
Notre Dame,23,FBS Independents,5,325,0.137,0.495,0.339,-0.023,159,0.25,0.503,0.424,0.095
Georgia State,24,Sun Belt,5,347,0.146,0.452,0.292,0.031,163,0.241,0.472,0.413,0.075
Oregon,25,Big Ten,4,284,0.275,0.5,0.394,0.134,180,0.231,0.439,0.329,0.08
Louisville,26,ACC,5,315,0.282,0.505,0.328,0.238,245,0.23,0.469,0.248,0.211
Virginia Tech,27,ACC,5,380,0.114,0.482,0.163,0.059,203,0.221,0.507,0.241,0.197
Nebraska,28,Big Ten,5,351,0.261,0.51,0.318,0.214,207,0.219,0.512,0.197,0.242
Missouri,29,SEC,5,334,0.188,0.455,0.453,-0.049,213,0.219,0.465,0.49,-0.093
SMU,30,ACC,5,340,0.171,0.497,0.394,-0.077,259,0.216,0.537,0.388,0.031
Cincinnati,31,Big 12,5,320,0.23,0.5,0.165,0.28,203,0.216,0.493,0.182,0.244
UCLA,32,Big Ten,4,259,0.217,0.49,0.031,0.348,185,0.211,0.492,0.009,0.398
Louisiana,33,Sun Belt,5,328,0.103,0.454,-0.02,0.18,189,0.208,0.476,0.238,0.19
Northwestern,34,Big Ten,4,249,0.222,0.482,0.288,0.18,155,0.206,0.49,0.234,0.185
Jacksonville State,35,Conference USA,5,287,0.198,0.523,0.322,0.088,194,0.203,0.521,0.344,0.084
Boise State,36,Pac-12,5,347,0.149,0.499,0.163,0.14,249,0.203,0.534,0.172,0.226
UConn,37,FBS Independents,5,327,0.136,0.413,0.068,0.201,158,0.201,0.411,0.276,0.12
Duke,38,ACC,4,272,0.161,0.46,0.266,0.092,173,0.197,0.474,0.188,0.204
Houston,39,Big 12,5,348,0.269,0.563,0.331,0.223,230,0.195,0.522,0.174,0.214
Toledo,40,Mid-American,5,347,0.179,0.464,0.312,0.063,217,0.194,0.484,0.372,0.024
Temple,41,American Athletic,5,286,0.128,0.434,0.117,0.134,229,0.192,0.454,0.152,0.218
Texas State,42,Pac-12,5,383,0.222,0.486,0.356,0.133,246,0.188,0.492,0.24,0.15
Pittsburgh,43,ACC,5,349,0.171,0.447,0.362,-0.044,187,0.187,0.412,0.286,0.077
BYU,44,Big 12,4,243,0.13,0.514,0.088,0.155,139,0.184,0.496,0.114,0.249
Navy,45,American Athletic,4,251,0.196,0.482,-0.101,0.304,171,0.184,0.497,-0.154,0.305
Marshall,46,Sun Belt,5,335,0.104,0.463,0.103,0.105,235,0.179,0.485,0.218,0.14
Liberty,47,Conference USA,5,323,0.146,0.477,0.131,0.155,238,0.178,0.504,0.176,0.179
Florida State,48,ACC,5,310,0.19,0.452,0.201,0.182,209,0.176,0.44,0.291,0.096
Kentucky,49,SEC,5,315,0.129,0.511,0.116,0.142,207,0.169,0.507,0.076,0.272
UTSA,50,American Athletic,5,320,0.126,0.459,0.071,0.179,239,0.16,0.485,0.165,0.156
Illinois,51,Big Ten,5,304,0.17,0.484,0.204,0.13,185,0.16,0.476,0.197,0.117
Arizona,52,Big 12,5,347,0.155,0.496,0.199,0.101,205,0.158,0.507,0.213,0.079
Miami (OH),53,Mid-American,5,285,0.165,0.439,0.413,-0.104,186,0.15,0.457,0.319,-0.07
Florida Atlantic,54,American Athletic,5,373,0.143,0.456,0.215,0.056,176,0.148,0.46,0.122,0.189
UAB,55,American Athletic,5,325,0.134,0.477,0.053,0.184,226,0.147,0.478,0.002,0.235
App State,56,Sun Belt,4,280,0.152,0.468,0.32,-0.034,150,0.146,0.447,0.365,-0.052
Purdue,57,Big Ten,5,327,0.132,0.495,0.254,-0.011,228,0.146,0.487,0.264,0.007
Arkansas State,58,Sun Belt,5,282,0.104,0.493,0.075,0.131,226,0.14,0.504,0.182,0.095
South Carolina,59,SEC,5,351,0.148,0.473,0.021,0.272,170,0.133,0.465,-0.005,0.267
Air Force,60,Mountain West,4,289,0.158,0.502,0.256,0.138,171,0.131,0.48,0.33,0.093
Baylor,61,Big 12,5,399,0.039,0.431,0.074,0.001,223,0.128,0.457,0.224,0.004
Kansas,62,Big 12,4,295,0.236,0.485,0.233,0.239,163,0.126,0.423,0.097,0.146
Iowa State,63,Big 12,5,314,0.107,0.43,0.244,0.012,187,0.126,0.444,0.299,0.007
Virginia,64,ACC,5,355,0.029,0.448,0.1,-0.032,158,0.119,0.456,0.216,0.038
Syracuse,65,ACC,4,311,0.11,0.447,0.121,0.098,196,0.119,0.434,0.211,0.003
Stanford,66,ACC,5,334,0.006,0.407,0.065,-0.072,209,0.108,0.426,0.25,-0.056
Vanderbilt,67,SEC,5,309,0.135,0.46,0.143,0.128,228,0.105,0.452,0.113,0.096
Ohio,68,Mid-American,5,307,0.136,0.466,0.039,0.203,233,0.099,0.472,0.058,0.127
Kennesaw State,69,Conference USA,4,261,0.103,0.494,0.015,0.192,115,0.098,0.47,0.021,0.15
Michigan,70,Big Ten,5,289,0.077,0.446,0.173,0.004,251,0.093,0.458,0.188,0.018
Oregon State,71,Pac-12,4,269,0.16,0.416,0.268,-0.044,150,0.091,0.387,0.198,-0.117
Georgia Southern,72,Sun Belt,5,334,0.02,0.431,0.045,-0.02,209,0.088,0.45,0.086,0.09
Oklahoma State,73,Big 12,4,311,0.11,0.502,0.141,0.079,208,0.086,0.49,0.056,0.12
Coastal Carolina,74,Sun Belt,5,325,0.037,0.415,-0.012,0.094,210,0.084,0.462,-0.002,0.174
LSU,75,SEC,5,415,0.117,0.492,0.116,0.117,171,0.082,0.491,0.102,0.059
Central Michigan,76,Mid-American,5,286,0.031,0.406,-0.376,0.241,149,0.08,0.423,-0.491,0.351
Texas,77,SEC,4,285,0.08,0.47,0.178,-0.007,148,0.079,0.48,0.089,0.069
Middle Tennessee,78,Conference USA,5,280,0.035,0.425,0.034,0.036,211,0.078,0.455,0.075,0.083
New Mexico State,79,Conference USA,5,322,0.144,0.438,0.139,0.151,190,0.076,0.426,-0.128,0.298
UNLV,80,Mountain West,5,332,0.021,0.386,0.005,0.034,237,0.07,0.388,0.049,0.091
Ball State,81,Mid-American,5,296,-0.005,0.361,-0.054,0.054,121,0.064,0.405,0.053,0.076
Rice,82,American Athletic,5,302,0.108,0.467,0.009,0.143,194,0.063,0.474,-0.075,0.109
Fresno State,83,Pac-12,5,306,0.039,0.428,0.163,-0.074,198,0.061,0.429,0.227,-0.139
Northern Illinois,84,Mountain West,4,259,-0.012,0.436,-0.065,0.068,143,0.059,0.49,0.013,0.124
Eastern Michigan,85,Mid-American,6,384,0.009,0.406,-0.04,0.068,225,0.056,0.418,0.007,0.119
South Florida,86,American Athletic,5,295,0.116,0.492,0.041,0.179,223,0.055,0.471,-0.069,0.146
New Mexico,87,Mountain West,5,325,0.096,0.446,0.005,0.146,152,0.05,0.414,-0.2,0.223
Iowa,88,Big Ten,5,313,0.093,0.441,0.105,0.08,174,0.047,0.42,0.092,-0.017
Tulsa,89,American Athletic,5,326,0.085,0.399,-0.066,0.236,228,0.042,0.382,-0.131,0.244
Texas Tech,90,Big 12,5,333,0.053,0.441,0.098,0.013,230,0.035,0.457,0.119,-0.042
Hawai'i,91,Mountain West,5,352,0.054,0.446,0.082,-0.005,287,0.033,0.436,0.077,-0.063
Missouri State,92,Conference USA,4,244,0.027,0.422,0.055,0.003,146,0.032,0.452,0.08,-0.011
Southern Miss,93,Sun Belt,4,282,0.054,0.461,-0.003,0.118,136,0.03,0.449,-0.045,0.128
North Carolina,94,ACC,4,228,0.066,0.461,0.032,0.103,153,0.029,0.458,-0.039,0.109
Wisconsin,95,Big Ten,5,302,0.102,0.411,0.119,0.085,139,0.029,0.388,-0.06,0.139
Louisiana Tech,96,Sun Belt,4,246,0.054,0.39,-0.0,0.106,127,0.028,0.378,0.004,0.053
Western Michigan,97,Mid-American,5,297,0.032,0.471,-0.049,0.095,210,0.023,0.457,0.01,0.033
Penn State,98,Big Ten,5,330,0.043,0.436,0.188,-0.087,146,0.023,0.397,0.131,-0.089
Maryland,99,Big Ten,5,358,0.028,0.439,-0.011,0.084,155,0.02,0.406,0.012,0.031
Tulane,100,American Athletic,4,240,0.002,0.358,-0.126,0.127,197,0.019,0.365,-0.086,0.108
Tennessee,101,SEC,5,343,0.101,0.452,-0.126,0.258,194,0.017,0.412,-0.196,0.184
Colorado,102,Big 12,5,365,-0.031,0.411,0.008,-0.074,252,0.008,0.421,0.114,-0.094
Kent State,103,Mid-American,5,304,-0.034,0.352,-0.105,0.026,185,0.002,0.4,-0.053,0.052
San José State,104,Mountain West,5,341,0.028,0.437,0.16,-0.123,270,0.0,0.452,0.154,-0.169
UCF,105,Big 12,5,274,0.057,0.42,-0.073,0.176,176,0.0,0.409,-0.093,0.105
Florida International,106,Conference USA,4,288,-0.026,0.42,0.036,-0.098,198,-0.005,0.419,0.038,-0.056
Texas A&M,107,SEC,5,355,0.022,0.459,-0.085,0.115,199,-0.005,0.462,-0.106,0.079
Washington,108,Big Ten,5,309,0.054,0.453,0.086,0.009,238,-0.011,0.454,-0.042,0.032
Delaware,109,Conference USA,5,316,-0.02,0.405,-0.059,0.031,160,-0.014,0.419,-0.025,-0.002
Georgia Tech,110,ACC,4,255,0.081,0.478,0.079,0.082,162,-0.015,0.457,-0.053,0.032
Troy,111,Sun Belt,4,286,-0.059,0.392,-0.135,0.018,204,-0.02,0.407,-0.083,0.04
Rutgers,112,Big Ten,5,326,0.109,0.463,0.248,-0.025,148,-0.022,0.473,-0.033,-0.011
East Carolina,113,American Athletic,4,236,-0.072,0.424,-0.083,-0.061,145,-0.022,0.428,-0.008,-0.034
Arizona State,114,Big 12,4,272,-0.007,0.434,-0.03,0.018,150,-0.024,0.447,-0.094,0.067
Nevada,115,Mountain West,4,247,0.009,0.429,-0.221,0.199,143,-0.024,0.427,-0.334,0.241
Wyoming,116,Mountain West,5,277,-0.014,0.44,-0.181,0.117,181,-0.026,0.431,-0.211,0.128
Oklahoma,117,SEC,4,245,-0.026,0.396,0.106,-0.152,128,-0.027,0.422,0.058,-0.121
TCU,118,Big 12,5,325,0.04,0.446,0.149,-0.081,250,-0.034,0.424,0.071,-0.146
Akron,119,Mid-American,5,323,-0.013,0.458,-0.19,0.201,142,-0.043,0.444,-0.278,0.228
Boston College,120,ACC,5,316,-0.071,0.418,-0.203,0.054,206,-0.051,0.403,-0.15,0.038
Arkansas,121,SEC,5,347,-0.034,0.412,0.029,-0.12,139,-0.06,0.381,-0.012,-0.128
Minnesota,122,Big Ten,5,323,-0.017,0.44,0.041,-0.081,150,-0.061,0.44,0.028,-0.146
UL Monroe,123,Sun Belt,5,333,0.128,0.468,0.114,0.143,125,-0.075,0.448,-0.322,0.126
California,124,ACC,5,357,-0.007,0.398,0.015,-0.043,257,-0.081,0.409,-0.099,-0.054
Buffalo,125,Mid-American,5,365,-0.082,0.373,-0.165,-0.009,263,-0.082,0.407,-0.184,0.006
Michigan State,126,Big Ten,5,336,-0.087,0.443,-0.112,-0.066,216,-0.1,0.435,-0.191,-0.016
Auburn,127,SEC,5,345,0.035,0.446,-0.061,0.14,212,-0.103,0.41,-0.176,-0.015
Clemson,128,ACC,5,324,-0.088,0.395,-0.182,0.014,239,-0.111,0.41,-0.136,-0.081
Bowling Green,129,Mid-American,5,280,-0.115,0.393,-0.021,-0.204,191,-0.115,0.382,0.063,-0.287
Washington State,130,Pac-12,5,293,-0.135,0.382,-0.169,-0.096,201,-0.116,0.408,-0.08,-0.152
Sam Houston,131,Conference USA,4,274,0.001,0.449,-0.007,0.013,166,-0.137,0.44,-0.101,-0.201
Old Dominion,132,Sun Belt,5,293,-0.145,0.331,-0.226,-0.065,150,-0.148,0.34,-0.268,-0.054
Western Kentucky,133,Conference USA,5,351,0.004,0.425,-0.012,0.023,116,-0.152,0.431,-0.165,-0.137
Utah State,134,Pac-12,5,317,-0.107,0.366,-0.133,-0.076,175,-0.155,0.349,-0.146,-0.166
San Diego State,135,Pac-12,5,311,-0.081,0.376,-0.13,-0.042,171,-0.173,0.363,-0.25,-0.115
Charlotte,136,American Athletic,5,269,-0.079,0.398,-0.115,-0.032,143,-0.217,0.392,-0.245,-0.179
UTEP,137,Mountain West,5,271,-0.2,0.406,-0.448,-0.014,77,-0.237,0.364,-0.144,-0.303
Sacramento State,138,Mid-American,5,339,-0.052,0.451,-0.122,0.046,108,-0.249,0.38,-0.261,-0.234
