rank,team,conf,ng_epa_per,off_rank,ng_epa_allowed,def_rank,net
1,Utah,Big 12,0.431,3,-0.204,7,0.635
2,Miami,ACC,0.53,1,-0.103,22,0.633
3,Indiana,Big Ten,0.353,6,-0.225,2,0.578
4,Alabama,SEC,0.436,2,-0.127,17,0.563
5,North Dakota State,Mountain West,0.332,8,-0.179,11,0.511
6,Notre Dame,FBS Independents,0.25,23,-0.238,1,0.488
7,Ohio State,Big Ten,0.39,5,-0.091,24,0.481
8,Georgia,SEC,0.412,4,-0.067,28,0.479
9,Nebraska,Big Ten,0.219,28,-0.223,3,0.442
10,Massachusetts,Mid-American,0.323,10,-0.059,32,0.382
11,James Madison,Sun Belt,0.308,13,-0.06,31,0.368
12,BYU,Big 12,0.184,44,-0.119,18,0.303
13,Kansas State,Big 12,0.307,14,0.005,60,0.302
14,Pittsburgh,ACC,0.187,43,-0.11,21,0.297
15,Baylor,Big 12,0.128,61,-0.165,12,0.293
16,UCLA,Big Ten,0.211,32,-0.071,25,0.282
17,LSU,SEC,0.082,75,-0.198,8,0.28
18,New Mexico,Mountain West,0.05,87,-0.222,4,0.272
19,Louisiana,Sun Belt,0.208,33,-0.047,38,0.255
20,Duke,ACC,0.197,38,-0.048,37,0.245
21,Wisconsin,Big Ten,0.029,95,-0.214,5,0.243
22,Georgia State,Sun Belt,0.241,24,0.004,59,0.237
23,Virginia Tech,ACC,0.221,27,-0.007,50,0.228
24,Michigan,Big Ten,0.093,70,-0.131,15,0.224
25,Tennessee,SEC,0.017,101,-0.207,6,0.224
26,Liberty,Conference USA,0.178,47,-0.045,39,0.223
27,Memphis,American Athletic,0.347,7,0.127,102,0.22
28,Penn State,Big Ten,0.023,98,-0.193,10,0.216
29,SMU,ACC,0.216,30,0.007,61,0.209
30,Missouri,SEC,0.219,29,0.01,62,0.209
31,Texas,SEC,0.079,77,-0.129,16,0.208
32,App State,Sun Belt,0.146,56,-0.061,30,0.207
33,Oregon,Big Ten,0.231,25,0.032,68,0.199
34,Kansas,Big 12,0.126,62,-0.069,27,0.195
35,Florida,SEC,0.324,9,0.132,103,0.192
36,Toledo,Mid-American,0.194,40,0.004,57,0.19
37,Kentucky,SEC,0.169,49,-0.005,52,0.174
38,USC,Big Ten,0.282,17,0.108,94,0.174
39,Wake Forest,ACC,0.261,20,0.094,88,0.167
40,Mississippi State,SEC,0.256,21,0.093,87,0.163
41,Arizona,Big 12,0.158,52,-0.004,54,0.162
42,NC State,ACC,0.263,19,0.103,93,0.16
43,North Texas,American Athletic,0.31,12,0.152,106,0.158
44,Virginia,ACC,0.119,64,-0.032,41,0.151
45,Houston,Big 12,0.195,39,0.052,74,0.143
46,Florida International,Conference USA,-0.005,106,-0.148,13,0.143
47,Minnesota,Big Ten,-0.061,122,-0.197,9,0.136
48,Texas Tech,Big 12,0.035,90,-0.098,23,0.133
49,Navy,American Athletic,0.184,45,0.055,75,0.129
50,Northwestern,Big Ten,0.206,34,0.08,85,0.126
51,Central Michigan,Mid-American,0.08,76,-0.045,40,0.125
52,Colorado,Big 12,0.008,102,-0.117,20,0.125
53,UTSA,American Athletic,0.16,50,0.036,69,0.124
54,Syracuse,ACC,0.119,65,0.004,58,0.115
55,Ole Miss,SEC,0.286,16,0.172,112,0.114
56,Oklahoma,SEC,-0.027,117,-0.134,14,0.107
57,Boise State,Pac-12,0.203,36,0.101,91,0.102
58,Jacksonville State,Conference USA,0.203,35,0.102,92,0.101
59,Florida Atlantic,American Athletic,0.148,54,0.049,72,0.099
60,UNLV,Mountain West,0.07,80,-0.021,42,0.091
61,Oklahoma State,Big 12,0.086,73,-0.004,53,0.09
62,Cincinnati,Big 12,0.216,31,0.136,104,0.08
63,Fresno State,Pac-12,0.061,83,-0.018,45,0.079
64,Iowa State,Big 12,0.126,63,0.05,73,0.076
65,Eastern Michigan,Mid-American,0.056,85,-0.018,44,0.074
66,Louisville,ACC,0.23,26,0.157,109,0.073
67,South Florida,American Athletic,0.055,86,-0.016,47,0.071
68,Boston College,ACC,-0.051,120,-0.117,19,0.066
69,Kent State,Mid-American,0.002,103,-0.063,29,0.065
70,Tulsa,American Athletic,0.042,89,-0.021,43,0.063
71,UCF,Big 12,0.0,105,-0.057,33,0.057
72,Washington,Big Ten,-0.011,108,-0.054,34,0.043
73,Western Michigan,Mid-American,0.023,97,-0.014,49,0.037
74,UAB,American Athletic,0.147,55,0.11,95,0.037
75,South Alabama,Sun Belt,0.272,18,0.241,128,0.031
76,West Virginia,Big 12,0.317,11,0.287,134,0.03
77,Southern Miss,Sun Belt,0.03,93,0.0,55,0.03
78,Troy,Sun Belt,-0.02,111,-0.049,36,0.029
79,Army,American Athletic,0.304,15,0.278,132,0.026
80,Temple,American Athletic,0.192,41,0.172,113,0.02
81,Louisiana Tech,Sun Belt,0.028,96,0.01,63,0.018
82,Vanderbilt,SEC,0.105,67,0.088,86,0.017
83,TCU,Big 12,-0.034,118,-0.05,35,0.016
84,San José State,Mountain West,0.0,104,-0.015,48,0.015
85,Oregon State,Pac-12,0.091,71,0.08,84,0.011
86,Georgia Southern,Sun Belt,0.088,72,0.078,82,0.01
87,Air Force,Mountain West,0.131,60,0.126,101,0.005
88,New Mexico State,Conference USA,0.076,79,0.073,81,0.003
89,East Carolina,American Athletic,-0.022,113,-0.017,46,-0.005
90,Miami (OH),Mid-American,0.15,53,0.155,108,-0.005
91,Iowa,Big Ten,0.047,88,0.059,77,-0.012
92,Texas State,Pac-12,0.188,42,0.205,119,-0.017
93,UConn,FBS Independents,0.201,37,0.229,126,-0.028
94,Arkansas State,Sun Belt,0.14,58,0.171,111,-0.031
95,Colorado State,Pac-12,0.254,22,0.286,133,-0.032
96,Rice,American Athletic,0.063,82,0.096,89,-0.033
97,Clemson,ACC,-0.111,128,-0.071,26,-0.04
98,Maryland,Big Ten,0.02,99,0.065,79,-0.045
99,Middle Tennessee,Conference USA,0.078,78,0.125,100,-0.047
100,Arkansas,SEC,-0.06,121,0.001,56,-0.061
101,Illinois,Big Ten,0.16,51,0.222,124,-0.062
102,Arizona State,Big 12,-0.024,114,0.038,70,-0.062
103,Hawai'i,Mountain West,0.033,91,0.097,90,-0.064
104,Marshall,Sun Belt,0.179,46,0.249,129,-0.07
105,Purdue,Big Ten,0.146,57,0.216,122,-0.07
106,South Carolina,SEC,0.133,59,0.21,120,-0.077
107,Wyoming,Mountain West,-0.026,116,0.057,76,-0.083
108,Florida State,ACC,0.176,48,0.26,130,-0.084
109,North Carolina,ACC,0.029,94,0.117,98,-0.088
110,California,ACC,-0.081,124,0.018,66,-0.099
111,Stanford,ACC,0.108,66,0.217,123,-0.109
112,Northern Illinois,Mountain West,0.059,84,0.174,115,-0.115
113,Texas A&M,SEC,-0.005,107,0.112,96,-0.117
114,Auburn,SEC,-0.103,127,0.017,64,-0.12
115,Missouri State,Conference USA,0.032,92,0.155,107,-0.123
116,Kennesaw State,Conference USA,0.098,69,0.223,125,-0.125
117,Delaware,Conference USA,-0.014,109,0.115,97,-0.129
118,Sam Houston,Conference USA,-0.137,131,-0.006,51,-0.131
119,Ohio,Mid-American,0.099,68,0.236,127,-0.137
120,Georgia Tech,ACC,-0.015,110,0.125,99,-0.14
121,Ball State,Mid-American,0.064,81,0.211,121,-0.147
122,Buffalo,Mid-American,-0.082,125,0.07,80,-0.152
123,Old Dominion,Sun Belt,-0.148,132,0.018,65,-0.166
124,Tulane,American Athletic,0.019,100,0.188,117,-0.169
125,Washington State,Pac-12,-0.116,130,0.065,78,-0.181
126,San Diego State,Pac-12,-0.173,135,0.02,67,-0.193
127,Bowling Green,Mid-American,-0.115,129,0.079,83,-0.194
128,Nevada,Mountain West,-0.024,115,0.172,114,-0.196
129,Utah State,Pac-12,-0.155,134,0.041,71,-0.196
130,Coastal Carolina,Sun Belt,0.084,74,0.287,135,-0.203
131,Michigan State,Big Ten,-0.1,126,0.17,110,-0.27
132,Akron,Mid-American,-0.043,119,0.263,131,-0.306
133,Western Kentucky,Conference USA,-0.152,133,0.184,116,-0.336
134,Rutgers,Big Ten,-0.022,112,0.37,137,-0.392
135,Sacramento State,Mid-American,-0.249,138,0.147,105,-0.396
136,Charlotte,American Athletic,-0.217,136,0.19,118,-0.407
137,UL Monroe,Sun Belt,-0.075,123,0.373,138,-0.448
138,UTEP,Mountain West,-0.237,137,0.295,136,-0.532
